{
  "version": 1,
  "author": "Anonymous maker",
  "editor": "wokwi",
  "parts": [
    { "type": "wokwi-breadboard-half", "id": "bb1", "top": -252.6, "left": 12.4, "attrs": {} },
    { "type": "wokwi-arduino-uno", "id": "uno", "top": 19.8, "left": -0.6, "attrs": {} },
    {
      "type": "wokwi-led",
      "id": "led1",
      "top": -234,
      "left": 42.2,
      "attrs": { "color": "yellow" }
    },
    {
      "type": "wokwi-pushbutton",
      "id": "btn1",
      "top": -172.9,
      "left": 13.1,
      "rotate": 90,
      "attrs": { "color": "yellow" }
    },
    {
      "type": "wokwi-resistor",
      "id": "r1",
      "top": -158.4,
      "left": 47.45,
      "rotate": 90,
      "attrs": { "value": "220" }
    },
    {
      "type": "wokwi-led",
      "id": "led2",
      "top": -234,
      "left": 109.4,
      "attrs": { "color": "blue" }
    },
    {
      "type": "wokwi-pushbutton",
      "id": "btn2",
      "top": -172.9,
      "left": 80.3,
      "rotate": 90,
      "attrs": { "color": "blue" }
    },
    {
      "type": "wokwi-resistor",
      "id": "r2",
      "top": -158.4,
      "left": 114.65,
      "rotate": 90,
      "attrs": { "value": "220" }
    },
    {
      "type": "wokwi-led",
      "id": "led3",
      "top": -234,
      "left": 176.6,
      "attrs": { "color": "green" }
    },
    {
      "type": "wokwi-pushbutton",
      "id": "btn3",
      "top": -172.9,
      "left": 147.5,
      "rotate": 90,
      "attrs": { "color": "green" }
    },
    {
      "type": "wokwi-resistor",
      "id": "r3",
      "top": -158.4,
      "left": 181.85,
      "rotate": 90,
      "attrs": { "value": "220" }
    },
    { "type": "wokwi-led", "id": "led4", "top": -234, "left": 243.8, "attrs": { "color": "red" } },
    {
      "type": "wokwi-pushbutton",
      "id": "btn4",
      "top": -172.9,
      "left": 214.7,
      "rotate": 90,
      "attrs": { "color": "red" }
    },
    {
      "type": "wokwi-resistor",
      "id": "r4",
      "top": -158.4,
      "left": 249.05,
      "rotate": 90,
      "attrs": { "value": "220" }
    },
    {
      "type": "wokwi-buzzer",
      "id": "bz1",
      "top": -199.2,
      "left": 280.2,
      "attrs": { "volume": "0.1" }
    }
  ],
  "connections": [
    [ "r1:1", "bb1:4t.c", "green", [ "h0" ] ],
    [ "led1:A", "r1:1", "green", [ "v0" ] ],
    [ "led1:C", "bb1:tn.2", "green", [ "v0" ] ],
    [ "led2:A", "r2:1", "green", [ "v0" ] ],
    [ "led3:A", "r3:1", "green", [ "v0" ] ],
    [ "led4:A", "r4:1", "green", [ "v0" ] ],
    [ "bb1:bn.20", "bb1:24b.j", "black", [ "v0" ] ],
    [ "bb1:17b.j", "bb1:bn.14", "black", [ "v0" ] ],
    [ "bb1:10b.j", "bb1:bn.8", "black", [ "v0" ] ],
    [ "bb1:3b.j", "bb1:bn.2", "black", [ "v0" ] ],
    [ "bb1:26b.j", "uno:8", "red", [ "v57.6", "h-115.2" ] ],
    [ "bb1:19b.j", "uno:9", "green", [ "v67.2", "h-48" ] ],
    [ "bb1:12b.j", "uno:10", "blue", [ "v67.2", "h9.6" ] ],
    [ "bb1:5b.j", "uno:11", "gold", [ "v76.8", "h67.2" ] ],
    [ "bb1:bn.3", "uno:GND.1", "black", [ "v27.5", "h49.6" ] ],
    [ "bb1:22b.j", "uno:2", "red", [ "v67.2", "h0", "v19.2" ] ],
    [ "bb1:15b.j", "uno:3", "green", [ "v48", "h9.6" ] ],
    [ "bb1:8b.j", "uno:4", "blue", [ "v86.4", "h105.6" ] ],
    [ "bb1:1b.j", "uno:5", "yellow", [ "v96", "h172.8" ] ],
    [ "btn1:1.l", "bb1:3t.c", "", [ "$bb" ] ],
    [ "btn1:2.l", "bb1:1t.c", "", [ "$bb" ] ],
    [ "btn1:1.r", "bb1:3b.h", "", [ "$bb" ] ],
    [ "btn1:2.r", "bb1:1b.h", "", [ "$bb" ] ],
    [ "r1:1", "bb1:5t.c", "", [ "$bb" ] ],
    [ "r1:2", "bb1:5b.g", "", [ "$bb" ] ],
    [ "led2:A", "bb1:11t.b", "", [ "$bb" ] ],
    [ "led2:C", "bb1:10t.b", "", [ "$bb" ] ],
    [ "btn2:1.l", "bb1:10t.c", "", [ "$bb" ] ],
    [ "btn2:2.l", "bb1:8t.c", "", [ "$bb" ] ],
    [ "btn2:1.r", "bb1:10b.h", "", [ "$bb" ] ],
    [ "btn2:2.r", "bb1:8b.h", "", [ "$bb" ] ],
    [ "r2:1", "bb1:12t.c", "", [ "$bb" ] ],
    [ "r2:2", "bb1:12b.g", "", [ "$bb" ] ],
    [ "led3:A", "bb1:18t.b", "", [ "$bb" ] ],
    [ "led3:C", "bb1:17t.b", "", [ "$bb" ] ],
    [ "btn3:1.l", "bb1:17t.c", "", [ "$bb" ] ],
    [ "btn3:2.l", "bb1:15t.c", "", [ "$bb" ] ],
    [ "btn3:1.r", "bb1:17b.h", "", [ "$bb" ] ],
    [ "btn3:2.r", "bb1:15b.h", "", [ "$bb" ] ],
    [ "r3:1", "bb1:19t.c", "", [ "$bb" ] ],
    [ "r3:2", "bb1:19b.g", "", [ "$bb" ] ],
    [ "led4:A", "bb1:25t.b", "", [ "$bb" ] ],
    [ "led4:C", "bb1:24t.b", "", [ "$bb" ] ],
    [ "btn4:1.l", "bb1:24t.c", "", [ "$bb" ] ],
    [ "btn4:2.l", "bb1:22t.c", "", [ "$bb" ] ],
    [ "btn4:1.r", "bb1:24b.h", "", [ "$bb" ] ],
    [ "btn4:2.r", "bb1:22b.h", "", [ "$bb" ] ],
    [ "r4:1", "bb1:26t.c", "", [ "$bb" ] ],
    [ "r4:2", "bb1:26b.g", "", [ "$bb" ] ],
    [ "led1:A", "bb1:4t.b", "", [ "$bb" ] ],
    [ "led1:C", "bb1:3t.b", "", [ "$bb" ] ],
    [ "bz1:1", "bb1:29b.h", "", [ "$bb" ] ],
    [ "bz1:2", "bb1:30b.h", "", [ "$bb" ] ],
    [ "bz1:1", "uno:GND.1", "green", [ "v124.8", "h-192.3" ] ],
    [ "bz1:2", "uno:6", "green", [ "v96", "h-119.3" ] ]
  ],
  "dependencies": {}
}